{
    "loss": 18.489355087280273,
    "accuracy": 0.5686274766921997
}