{
    "loss": 3.7032086849212646,
    "accuracy": 0.6470588445663452
}